,ignore,pool,tests
0,0.9,2,0.796980875
1,0.9,3,0.7564891304347825
2,0.9,4,0.7808636250000001
3,0.9,5,0.813446125
4,0.9,6,0.8415979291417166
5,0.9,7,0.8636192557442557
6,0.9,8,0.8807397499999999
7,0.9,9,0.8936177130044843
8,0.9,10,0.904481375
9,0.9,11,0.9135815434565434
10,0.9,12,0.9205073602794411
11,0.9,13,0.9263957292707293
12,0.9,14,0.9317482517482517
