,ignore,pool,tests
0,0.9,2,0.60352875
1,0.9,3,0.5102375
2,0.9,4,0.50694375
3,0.9,5,0.5410375
4,0.9,6,0.58219875
5,0.9,7,0.62587125
6,0.9,8,0.6651237499999999
7,0.9,9,0.7000825
8,0.9,10,0.7282600000000001
9,0.9,11,0.7526599999999999
10,0.9,12,0.7739750000000001
11,0.9,13,0.78983
12,0.9,14,0.80594
