,pass,pool,percentage
0,0.996,8,0.359375
1,0.996,9,0.3402469135802469
2,0.996,10,0.3464999999999998
3,0.996,11,0.35585804569761775
4,0.996,12,0.3596230158730159
