,ignore,pool,tests
0,0.9,2,0.547679625
1,0.9,3,0.40511794102948523
2,0.9,4,0.350679125
3,0.9,5,0.334118375
4,0.9,6,0.3378700099800399
5,0.9,7,0.3541514735264735
6,0.9,8,0.37841224999999995
7,0.9,9,0.40675635276532135
8,0.9,10,0.43791087500000003
9,0.9,11,0.4700544455544456
10,0.9,12,0.5019620758483034
11,0.9,13,0.5324067182817183
12,0.9,14,0.5606642107892108
