,ignore,pool,tests
0,0.9,2,0.609735
1,0.9,3,0.4919325
2,0.9,4,0.45900499999999994
3,0.9,5,0.46145125
4,0.9,6,0.47664
5,0.9,7,0.5014
6,0.9,8,0.5303075
7,0.9,9,0.56096125
8,0.9,10,0.5885725
9,0.9,11,0.61524625
10,0.9,12,0.6377900000000001
11,0.9,13,0.6611899999999999
12,0.9,14,0.6846525
