,ignore,pool,tests
0,0.9,2,0.5260362500000001
1,0.9,3,0.36882
2,0.9,4,0.29490374999999996
3,0.9,5,0.25425000000000003
4,0.9,6,0.23121
5,0.9,7,0.2188075
6,0.9,8,0.21313375
7,0.9,9,0.21316000000000002
8,0.9,10,0.214225
9,0.9,11,0.21833125000000003
10,0.9,12,0.22656374999999998
11,0.9,13,0.2376025
12,0.9,14,0.25037750000000003
