,ignore,pool,tests
0,0.9,2,0.547601375
1,0.9,3,0.4050623438280859
2,0.9,4,0.350945375
3,0.9,5,0.3341365
4,0.9,6,0.33793737524950096
5,0.9,7,0.35401535964035963
6,0.9,8,0.37814025
7,0.9,9,0.4069336073741904
8,0.9,10,0.438257125
9,0.9,11,0.4703745004995005
10,0.9,12,0.5018474301397206
11,0.9,13,0.5316384865134866
12,0.9,14,0.5607513736263736
