,ignore,pool,tests
0,0.9,2,0.66497875
1,0.9,3,0.5721925287356322
2,0.9,4,0.5654098750000001
3,0.9,5,0.5892474999999999
4,0.9,6,0.6249147954091816
5,0.9,7,0.6615529470529471
6,0.9,8,0.696068125
7,0.9,9,0.7266022670652714
8,0.9,10,0.752007375
9,0.9,11,0.7737760989010989
10,0.9,12,0.7922289171656687
11,0.9,13,0.8079274475524476
12,0.9,14,0.8223335414585414
