,ignore,pool,tests
0,0.9,2,0.5399375000000001
1,0.9,3,0.3919975000000001
2,0.9,4,0.32951
3,0.9,5,0.30556
4,0.9,6,0.2984875
5,0.9,7,0.3040025
6,0.9,8,0.31638
7,0.9,9,0.33504125
8,0.9,10,0.35724625000000004
9,0.9,11,0.38037875
10,0.9,12,0.40604625
11,0.9,13,0.43346874999999996
12,0.9,14,0.45709125
